study_hours,attendance,assignments_completed,previous_score,sleep_hours,performance
2.0,65,4,52,5.5,At_Risk
3.5,72,6,61,6.0,Average
5.0,80,8,68,7.0,Good
6.5,88,9,76,7.5,Good
1.5,55,3,45,5.0,At_Risk
4.0,78,7,64,6.5,Average
7.0,92,10,84,8.0,Excellent
2.5,68,5,57,6.0,Average
5.5,85,9,73,7.0,Good
8.0,95,10,91,8.5,Excellent
3.0,70,6,59,6.5,Average
6.0,90,9,81,7.5,Excellent
1.0,50,2,40,5.0,At_Risk
4.5,82,8,70,7.0,Good
7.5,94,10,88,8.0,Excellent
2.0,60,3,48,5.5,At_Risk
5.0,79,7,66,6.5,Good
3.5,74,6,62,6.0,Average
6.5,87,9,79,7.5,Excellent
1.5,58,3,44,5.0,At_Risk
